Topic,Question_Type,Difficulty,Question_Text,OptionA,OptionB,OptionC,OptionD,Answer,Explanation
Frontend Development,MCQ,Easy,What is the main purpose of Frontend Development?,To perform calculations only.,To store data.,To extract insights and make decisions using data.,To design user interfaces.,C,The main purpose of Frontend Development is to derive meaningful insights from data and information.
Frontend Development,MCQ,Easy,Which approach is most used in Frontend Development to analyse patterns?,Random guessing,Logical analysis and statistics,Pure coding,Manual observation,B,Logic and statistics are fundamental for analysing patterns in data.
Frontend Development,MCQ,Easy,What kind of reasoning is essential in Frontend Development?,Logical and analytical reasoning,Memorisation only,Visual design,None of the above,A,Logical reasoning is key to interpret and analyse data effectively.
Frontend Development,MCQ,Easy,What is the main purpose of Frontend Development?,To perform calculations only.,To store data.,To extract insights and make decisions using data.,To design user interfaces.,C,The main purpose of Frontend Development is to derive meaningful insights from data and information.
Frontend Development,MCQ,Easy,Which approach is most used in Frontend Development to analyse patterns?,Random guessing,Logical analysis and statistics,Pure coding,Manual observation,B,Logic and statistics are fundamental for analysing patterns in data.
Frontend Development,MCQ,Easy,What kind of reasoning is essential in Frontend Development?,Logical and analytical reasoning,Memorisation only,Visual design,None of the above,A,Logical reasoning is key to interpret and analyse data effectively.
Frontend Development,MCQ,Easy,What is the main purpose of Frontend Development?,To perform calculations only.,To store data.,To extract insights and make decisions using data.,To design user interfaces.,C,The main purpose of Frontend Development is to derive meaningful insights from data and information.
Frontend Development,MCQ,Easy,Which approach is most used in Frontend Development to analyse patterns?,Random guessing,Logical analysis and statistics,Pure coding,Manual observation,B,Logic and statistics are fundamental for analysing patterns in data.
Frontend Development,MCQ,Easy,What kind of reasoning is essential in Frontend Development?,Logical and analytical reasoning,Memorisation only,Visual design,None of the above,A,Logical reasoning is key to interpret and analyse data effectively.
Frontend Development,MCQ,Easy,What is the main purpose of Frontend Development?,To perform calculations only.,To store data.,To extract insights and make decisions using data.,To design user interfaces.,C,The main purpose of Frontend Development is to derive meaningful insights from data and information.
Frontend Development,MCQ,Easy,Which approach is most used in Frontend Development to analyse patterns?,Random guessing,Logical analysis and statistics,Pure coding,Manual observation,B,Logic and statistics are fundamental for analysing patterns in data.
Frontend Development,MCQ,Easy,What kind of reasoning is essential in Frontend Development?,Logical and analytical reasoning,Memorisation only,Visual design,None of the above,A,Logical reasoning is key to interpret and analyse data effectively.
Frontend Development,MCQ,Easy,What is the main purpose of Frontend Development?,To perform calculations only.,To store data.,To extract insights and make decisions using data.,To design user interfaces.,C,The main purpose of Frontend Development is to derive meaningful insights from data and information.
Frontend Development,MCQ,Easy,Which approach is most used in Frontend Development to analyse patterns?,Random guessing,Logical analysis and statistics,Pure coding,Manual observation,B,Logic and statistics are fundamental for analysing patterns in data.
Frontend Development,MCQ,Easy,What kind of reasoning is essential in Frontend Development?,Logical and analytical reasoning,Memorisation only,Visual design,None of the above,A,Logical reasoning is key to interpret and analyse data effectively.
Frontend Development,MCQ,Medium,Which scenario demonstrates applied Frontend Development reasoning?,Following a recipe,Analysing trends to predict outcomes,Typing text,Watching videos,B,Applied reasoning involves using data to make predictions.
Frontend Development,MCQ,Medium,"In Frontend Development, which factor is most critical for decision-making?",Data quality,Font size,Colour scheme,Random choice,A,High-quality data ensures accurate and reliable decisions.
Frontend Development,MCQ,Medium,Which scenario demonstrates applied Frontend Development reasoning?,Following a recipe,Analysing trends to predict outcomes,Typing text,Watching videos,B,Applied reasoning involves using data to make predictions.
Frontend Development,MCQ,Medium,"In Frontend Development, which factor is most critical for decision-making?",Data quality,Font size,Colour scheme,Random choice,A,High-quality data ensures accurate and reliable decisions.
Frontend Development,MCQ,Medium,Which scenario demonstrates applied Frontend Development reasoning?,Following a recipe,Analysing trends to predict outcomes,Typing text,Watching videos,B,Applied reasoning involves using data to make predictions.
Frontend Development,MCQ,Medium,"In Frontend Development, which factor is most critical for decision-making?",Data quality,Font size,Colour scheme,Random choice,A,High-quality data ensures accurate and reliable decisions.
Frontend Development,MCQ,Medium,Which scenario demonstrates applied Frontend Development reasoning?,Following a recipe,Analysing trends to predict outcomes,Typing text,Watching videos,B,Applied reasoning involves using data to make predictions.
Frontend Development,MCQ,Medium,"In Frontend Development, which factor is most critical for decision-making?",Data quality,Font size,Colour scheme,Random choice,A,High-quality data ensures accurate and reliable decisions.
Frontend Development,MCQ,Medium,Which scenario demonstrates applied Frontend Development reasoning?,Following a recipe,Analysing trends to predict outcomes,Typing text,Watching videos,B,Applied reasoning involves using data to make predictions.
Frontend Development,MCQ,Medium,"In Frontend Development, which factor is most critical for decision-making?",Data quality,Font size,Colour scheme,Random choice,A,High-quality data ensures accurate and reliable decisions.
Frontend Development,MCQ,Medium,Which scenario demonstrates applied Frontend Development reasoning?,Following a recipe,Analysing trends to predict outcomes,Typing text,Watching videos,B,Applied reasoning involves using data to make predictions.
Frontend Development,MCQ,Medium,"In Frontend Development, which factor is most critical for decision-making?",Data quality,Font size,Colour scheme,Random choice,A,High-quality data ensures accurate and reliable decisions.
Frontend Development,MCQ,Medium,Which scenario demonstrates applied Frontend Development reasoning?,Following a recipe,Analysing trends to predict outcomes,Typing text,Watching videos,B,Applied reasoning involves using data to make predictions.
Frontend Development,MCQ,Medium,"In Frontend Development, which factor is most critical for decision-making?",Data quality,Font size,Colour scheme,Random choice,A,High-quality data ensures accurate and reliable decisions.
Frontend Development,MCQ,Medium,Which scenario demonstrates applied Frontend Development reasoning?,Following a recipe,Analysing trends to predict outcomes,Typing text,Watching videos,B,Applied reasoning involves using data to make predictions.
Frontend Development,MCQ,Medium,"In Frontend Development, which factor is most critical for decision-making?",Data quality,Font size,Colour scheme,Random choice,A,High-quality data ensures accurate and reliable decisions.
Frontend Development,MCQ,Medium,Which scenario demonstrates applied Frontend Development reasoning?,Following a recipe,Analysing trends to predict outcomes,Typing text,Watching videos,B,Applied reasoning involves using data to make predictions.
Frontend Development,MCQ,Medium,"In Frontend Development, which factor is most critical for decision-making?",Data quality,Font size,Colour scheme,Random choice,A,High-quality data ensures accurate and reliable decisions.
Frontend Development,MCQ,Medium,Which scenario demonstrates applied Frontend Development reasoning?,Following a recipe,Analysing trends to predict outcomes,Typing text,Watching videos,B,Applied reasoning involves using data to make predictions.
Frontend Development,MCQ,Medium,"In Frontend Development, which factor is most critical for decision-making?",Data quality,Font size,Colour scheme,Random choice,A,High-quality data ensures accurate and reliable decisions.
Frontend Development,MCQ,Advanced,"When faced with contradictory information in Frontend Development, what is the best approach?",Ignore it,Use logical evaluation to reconcile conflicts,Choose randomly,Follow trends blindly,B,Analytical reasoning is needed to resolve contradictions logically.
Frontend Development,MCQ,Advanced,How does logical reasoning in Frontend Development improve predictions?,By memorising data points,By evaluating relationships and patterns,By ignoring errors,By guessing outcomes,B,Understanding patterns improves predictive accuracy.
Frontend Development,MCQ,Advanced,"When faced with contradictory information in Frontend Development, what is the best approach?",Ignore it,Use logical evaluation to reconcile conflicts,Choose randomly,Follow trends blindly,B,Analytical reasoning is needed to resolve contradictions logically.
Frontend Development,MCQ,Advanced,How does logical reasoning in Frontend Development improve predictions?,By memorising data points,By evaluating relationships and patterns,By ignoring errors,By guessing outcomes,B,Understanding patterns improves predictive accuracy.
Frontend Development,MCQ,Advanced,"When faced with contradictory information in Frontend Development, what is the best approach?",Ignore it,Use logical evaluation to reconcile conflicts,Choose randomly,Follow trends blindly,B,Analytical reasoning is needed to resolve contradictions logically.
Frontend Development,MCQ,Advanced,How does logical reasoning in Frontend Development improve predictions?,By memorising data points,By evaluating relationships and patterns,By ignoring errors,By guessing outcomes,B,Understanding patterns improves predictive accuracy.
Frontend Development,MCQ,Advanced,"When faced with contradictory information in Frontend Development, what is the best approach?",Ignore it,Use logical evaluation to reconcile conflicts,Choose randomly,Follow trends blindly,B,Analytical reasoning is needed to resolve contradictions logically.
Frontend Development,MCQ,Advanced,How does logical reasoning in Frontend Development improve predictions?,By memorising data points,By evaluating relationships and patterns,By ignoring errors,By guessing outcomes,B,Understanding patterns improves predictive accuracy.
Frontend Development,MCQ,Advanced,"When faced with contradictory information in Frontend Development, what is the best approach?",Ignore it,Use logical evaluation to reconcile conflicts,Choose randomly,Follow trends blindly,B,Analytical reasoning is needed to resolve contradictions logically.
Frontend Development,MCQ,Advanced,How does logical reasoning in Frontend Development improve predictions?,By memorising data points,By evaluating relationships and patterns,By ignoring errors,By guessing outcomes,B,Understanding patterns improves predictive accuracy.
Frontend Development,Descriptive,Easy,Define Frontend Development in your own words.,,,,,Frontend Development is the practice of extracting insights from information using logic and analysis.,Focus on logical reasoning and conceptual understanding.
Frontend Development,Descriptive,Medium,Explain a scenario where Frontend Development reasoning is applied.,,,,,"In business analysis, Frontend Development reasoning is applied to forecast sales trends.",Scenario-based logical reasoning example.
Frontend Development,Descriptive,Easy,Define Frontend Development in your own words.,,,,,Frontend Development is the practice of extracting insights from information using logic and analysis.,Focus on logical reasoning and conceptual understanding.
Frontend Development,Descriptive,Medium,Explain a scenario where Frontend Development reasoning is applied.,,,,,"In business analysis, Frontend Development reasoning is applied to forecast sales trends.",Scenario-based logical reasoning example.
Frontend Development,Descriptive,Easy,Define Frontend Development in your own words.,,,,,Frontend Development is the practice of extracting insights from information using logic and analysis.,Focus on logical reasoning and conceptual understanding.
Frontend Development,Descriptive,Medium,Explain a scenario where Frontend Development reasoning is applied.,,,,,"In business analysis, Frontend Development reasoning is applied to forecast sales trends.",Scenario-based logical reasoning example.
Frontend Development,Descriptive,Easy,Define Frontend Development in your own words.,,,,,Frontend Development is the practice of extracting insights from information using logic and analysis.,Focus on logical reasoning and conceptual understanding.
Frontend Development,Descriptive,Medium,Explain a scenario where Frontend Development reasoning is applied.,,,,,"In business analysis, Frontend Development reasoning is applied to forecast sales trends.",Scenario-based logical reasoning example.
Frontend Development,Descriptive,Easy,Define Frontend Development in your own words.,,,,,Frontend Development is the practice of extracting insights from information using logic and analysis.,Focus on logical reasoning and conceptual understanding.
Frontend Development,Descriptive,Medium,Explain a scenario where Frontend Development reasoning is applied.,,,,,"In business analysis, Frontend Development reasoning is applied to forecast sales trends.",Scenario-based logical reasoning example.
Frontend Development,Descriptive,Easy,Define Frontend Development in your own words.,,,,,Frontend Development is the practice of extracting insights from information using logic and analysis.,Focus on logical reasoning and conceptual understanding.
Frontend Development,Descriptive,Medium,Explain a scenario where Frontend Development reasoning is applied.,,,,,"In business analysis, Frontend Development reasoning is applied to forecast sales trends.",Scenario-based logical reasoning example.
Frontend Development,Descriptive,Easy,Define Frontend Development in your own words.,,,,,Frontend Development is the practice of extracting insights from information using logic and analysis.,Focus on logical reasoning and conceptual understanding.
Frontend Development,Descriptive,Medium,Explain a scenario where Frontend Development reasoning is applied.,,,,,"In business analysis, Frontend Development reasoning is applied to forecast sales trends.",Scenario-based logical reasoning example.
Frontend Development,Descriptive,Easy,Define Frontend Development in your own words.,,,,,Frontend Development is the practice of extracting insights from information using logic and analysis.,Focus on logical reasoning and conceptual understanding.
Frontend Development,Descriptive,Medium,Explain a scenario where Frontend Development reasoning is applied.,,,,,"In business analysis, Frontend Development reasoning is applied to forecast sales trends.",Scenario-based logical reasoning example.
Frontend Development,Descriptive,Easy,Define Frontend Development in your own words.,,,,,Frontend Development is the practice of extracting insights from information using logic and analysis.,Focus on logical reasoning and conceptual understanding.
Frontend Development,Descriptive,Medium,Explain a scenario where Frontend Development reasoning is applied.,,,,,"In business analysis, Frontend Development reasoning is applied to forecast sales trends.",Scenario-based logical reasoning example.
Frontend Development,Descriptive,Easy,Define Frontend Development in your own words.,,,,,Frontend Development is the practice of extracting insights from information using logic and analysis.,Focus on logical reasoning and conceptual understanding.
Frontend Development,Descriptive,Medium,Explain a scenario where Frontend Development reasoning is applied.,,,,,"In business analysis, Frontend Development reasoning is applied to forecast sales trends.",Scenario-based logical reasoning example.
Frontend Development,Descriptive,Advanced,How would you solve conflicting data findings in Frontend Development?,,,,,"Use analytical methods to assess sources, validate data, and reconcile inconsistencies.",Advanced logic-based approach to problem-solving.
Frontend Development,Descriptive,Easy,List a few practical applications of Frontend Development.,,,,,"Decision-making, trend analysis, reporting, and strategy planning.",Simple logic-based examples.
Frontend Development,Descriptive,Medium,Explain why critical thinking is important in Frontend Development.,,,,,Critical thinking helps interpret data accurately and make informed decisions.,Highlights the role of reasoning.
Frontend Development,Descriptive,Advanced,How would you solve conflicting data findings in Frontend Development?,,,,,"Use analytical methods to assess sources, validate data, and reconcile inconsistencies.",Advanced logic-based approach to problem-solving.
Frontend Development,Descriptive,Easy,List a few practical applications of Frontend Development.,,,,,"Decision-making, trend analysis, reporting, and strategy planning.",Simple logic-based examples.
Frontend Development,Descriptive,Medium,Explain why critical thinking is important in Frontend Development.,,,,,Critical thinking helps interpret data accurately and make informed decisions.,Highlights the role of reasoning.
Frontend Development,Descriptive,Advanced,How would you solve conflicting data findings in Frontend Development?,,,,,"Use analytical methods to assess sources, validate data, and reconcile inconsistencies.",Advanced logic-based approach to problem-solving.
Frontend Development,Descriptive,Easy,List a few practical applications of Frontend Development.,,,,,"Decision-making, trend analysis, reporting, and strategy planning.",Simple logic-based examples.
Frontend Development,Descriptive,Medium,Explain why critical thinking is important in Frontend Development.,,,,,Critical thinking helps interpret data accurately and make informed decisions.,Highlights the role of reasoning.
Frontend Development,Descriptive,Advanced,How would you solve conflicting data findings in Frontend Development?,,,,,"Use analytical methods to assess sources, validate data, and reconcile inconsistencies.",Advanced logic-based approach to problem-solving.
Frontend Development,Descriptive,Easy,List a few practical applications of Frontend Development.,,,,,"Decision-making, trend analysis, reporting, and strategy planning.",Simple logic-based examples.
Frontend Development,Descriptive,Medium,Explain why critical thinking is important in Frontend Development.,,,,,Critical thinking helps interpret data accurately and make informed decisions.,Highlights the role of reasoning.
Frontend Development,Descriptive,Advanced,How would you solve conflicting data findings in Frontend Development?,,,,,"Use analytical methods to assess sources, validate data, and reconcile inconsistencies.",Advanced logic-based approach to problem-solving.
Frontend Development,Descriptive,Easy,List a few practical applications of Frontend Development.,,,,,"Decision-making, trend analysis, reporting, and strategy planning.",Simple logic-based examples.
Frontend Development,Descriptive,Medium,Explain why critical thinking is important in Frontend Development.,,,,,Critical thinking helps interpret data accurately and make informed decisions.,Highlights the role of reasoning.
Frontend Development,Descriptive,Advanced,How would you solve conflicting data findings in Frontend Development?,,,,,"Use analytical methods to assess sources, validate data, and reconcile inconsistencies.",Advanced logic-based approach to problem-solving.
Frontend Development,Descriptive,Easy,List a few practical applications of Frontend Development.,,,,,"Decision-making, trend analysis, reporting, and strategy planning.",Simple logic-based examples.
Frontend Development,Descriptive,Medium,Explain why critical thinking is important in Frontend Development.,,,,,Critical thinking helps interpret data accurately and make informed decisions.,Highlights the role of reasoning.
Frontend Development,Descriptive,Advanced,How would you solve conflicting data findings in Frontend Development?,,,,,"Use analytical methods to assess sources, validate data, and reconcile inconsistencies.",Advanced logic-based approach to problem-solving.
Frontend Development,Descriptive,Easy,List a few practical applications of Frontend Development.,,,,,"Decision-making, trend analysis, reporting, and strategy planning.",Simple logic-based examples.
Frontend Development,Descriptive,Medium,Explain why critical thinking is important in Frontend Development.,,,,,Critical thinking helps interpret data accurately and make informed decisions.,Highlights the role of reasoning.
Frontend Development,Descriptive,Advanced,How would you solve conflicting data findings in Frontend Development?,,,,,"Use analytical methods to assess sources, validate data, and reconcile inconsistencies.",Advanced logic-based approach to problem-solving.
Frontend Development,Descriptive,Easy,List a few practical applications of Frontend Development.,,,,,"Decision-making, trend analysis, reporting, and strategy planning.",Simple logic-based examples.
Frontend Development,Descriptive,Medium,Explain why critical thinking is important in Frontend Development.,,,,,Critical thinking helps interpret data accurately and make informed decisions.,Highlights the role of reasoning.
Frontend Development,Descriptive,Advanced,How would you solve conflicting data findings in Frontend Development?,,,,,"Use analytical methods to assess sources, validate data, and reconcile inconsistencies.",Advanced logic-based approach to problem-solving.
Frontend Development,Descriptive,Easy,List a few practical applications of Frontend Development.,,,,,"Decision-making, trend analysis, reporting, and strategy planning.",Simple logic-based examples.
Frontend Development,Descriptive,Medium,Explain why critical thinking is important in Frontend Development.,,,,,Critical thinking helps interpret data accurately and make informed decisions.,Highlights the role of reasoning.
Frontend Development,Descriptive,Advanced,How would you solve conflicting data findings in Frontend Development?,,,,,"Use analytical methods to assess sources, validate data, and reconcile inconsistencies.",Advanced logic-based approach to problem-solving.
Frontend Development,Descriptive,Easy,List a few practical applications of Frontend Development.,,,,,"Decision-making, trend analysis, reporting, and strategy planning.",Simple logic-based examples.
Frontend Development,Descriptive,Medium,Explain why critical thinking is important in Frontend Development.,,,,,Critical thinking helps interpret data accurately and make informed decisions.,Highlights the role of reasoning.
